elapsed_s,label,root_alive,process_count,main_rss_mb,child_rss_mb,total_rss_mb,main_cpu_percent,child_cpu_percent,total_cpu_percent,children
0.03,idle_static_poll10hz,True,3,104.797,152.328,257.125,6.5,0.0,6.5,<defunct>;slangd
0.532,idle_static_poll10hz,True,3,104.828,149.312,254.141,7.5,0.0,7.5,<defunct>;slangd
1.061,idle_static_poll10hz,True,3,104.828,149.312,254.141,6.8,0.0,6.8,<defunct>;slangd
1.539,idle_static_poll10hz,True,3,104.812,148.797,253.609,6.9,0.0,6.9,<defunct>;slangd
2.044,idle_static_poll10hz,True,3,104.844,148.797,253.641,6.9,0.0,6.9,<defunct>;slangd
2.543,idle_static_poll10hz,True,3,104.844,148.797,253.641,6.7,0.0,6.7,<defunct>;slangd
3.042,idle_static_poll10hz,True,3,104.859,148.797,253.656,6.7,0.0,6.7,<defunct>;slangd
3.545,idle_static_poll10hz,True,3,104.859,148.797,253.656,6.7,0.0,6.7,<defunct>;slangd
4.042,idle_static_poll10hz,True,3,104.875,148.797,253.672,6.7,0.0,6.7,<defunct>;slangd
4.54,idle_static_poll10hz,True,3,104.891,148.797,253.688,6.6,0.0,6.6,<defunct>;slangd
5.044,idle_static_poll10hz,True,3,104.891,148.797,253.688,7.2,0.0,7.2,<defunct>;slangd
5.542,idle_static_poll10hz,True,3,104.922,148.797,253.719,7.0,0.0,7.0,<defunct>;slangd
6.054,idle_static_poll10hz,True,3,104.812,148.781,253.594,7.3,0.0,7.3,<defunct>;slangd
6.545,idle_static_poll10hz,True,3,104.812,148.781,253.594,6.9,0.0,6.9,<defunct>;slangd
7.037,idle_static_poll10hz,True,3,104.812,148.781,253.594,6.7,0.0,6.7,<defunct>;slangd
7.542,idle_static_poll10hz,True,3,104.828,148.781,253.609,6.7,0.0,6.7,<defunct>;slangd
8.047,idle_static_poll10hz,True,3,104.828,148.781,253.609,6.9,0.0,6.9,<defunct>;slangd
8.54,idle_static_poll10hz,True,3,104.828,148.781,253.609,6.7,0.0,6.7,<defunct>;slangd
9.043,idle_static_poll10hz,True,3,104.844,148.781,253.625,6.7,0.0,6.7,<defunct>;slangd
9.544,idle_static_poll10hz,True,3,104.859,148.781,253.641,7.0,0.0,7.0,<defunct>;slangd
10.045,idle_static_poll10hz,True,3,104.875,148.781,253.656,6.7,0.0,6.7,<defunct>;slangd
10.543,idle_static_poll10hz,True,3,104.875,148.781,253.656,6.4,0.0,6.4,<defunct>;slangd
11.041,idle_static_poll10hz,True,3,104.891,148.781,253.672,6.2,0.0,6.2,<defunct>;slangd
11.545,idle_static_poll10hz,True,3,104.938,148.781,253.719,6.2,0.0,6.2,<defunct>;slangd
12.046,idle_static_poll10hz,True,3,104.938,148.781,253.719,6.4,0.0,6.4,<defunct>;slangd
12.545,idle_static_poll10hz,True,3,104.953,148.781,253.734,6.4,0.0,6.4,<defunct>;slangd
13.046,idle_static_poll10hz,True,3,104.969,148.781,253.75,6.3,0.0,6.3,<defunct>;slangd
13.551,idle_static_poll10hz,True,3,105.0,148.781,253.781,6.1,0.0,6.1,<defunct>;slangd
14.046,idle_static_poll10hz,True,3,104.266,148.766,253.031,7.1,0.0,7.1,<defunct>;slangd
14.546,idle_static_poll10hz,True,3,99.469,148.766,248.234,6.4,0.0,6.4,<defunct>;slangd
15.122,idle_static_poll10hz,True,3,94.719,92.531,187.25,6.5,0.0,6.5,<defunct>;slangd
15.543,idle_static_poll10hz,True,3,62.453,18.281,80.734,7.0,0.0,7.0,<defunct>;slangd
16.04,idle_static_poll10hz,True,3,62.422,18.281,80.703,6.8,0.0,6.8,<defunct>;slangd
16.546,idle_static_poll10hz,True,3,62.375,18.281,80.656,7.6,0.0,7.6,<defunct>;slangd
17.041,idle_static_poll10hz,True,3,62.375,18.234,80.609,6.8,0.0,6.8,<defunct>;slangd
17.541,idle_static_poll10hz,True,3,62.391,18.234,80.625,6.9,0.0,6.9,<defunct>;slangd
18.041,idle_static_poll10hz,True,3,62.391,18.234,80.625,7.0,0.0,7.0,<defunct>;slangd
18.546,idle_static_poll10hz,True,3,62.297,18.234,80.531,7.0,0.0,7.0,<defunct>;slangd
19.039,idle_static_poll10hz,True,3,62.281,17.562,79.844,6.8,0.0,6.8,<defunct>;slangd
19.541,idle_static_poll10hz,True,3,62.297,17.562,79.859,6.8,0.0,6.8,<defunct>;slangd
20.043,idle_static_poll10hz,True,3,62.328,17.562,79.891,6.6,0.0,6.6,<defunct>;slangd
20.541,idle_static_poll10hz,True,3,62.406,17.562,79.969,6.6,0.0,6.6,<defunct>;slangd
21.038,idle_static_poll10hz,True,3,62.422,17.562,79.984,6.7,0.0,6.7,<defunct>;slangd
21.541,idle_static_poll10hz,True,3,62.422,17.562,79.984,6.4,0.0,6.4,<defunct>;slangd
22.039,idle_static_poll10hz,True,3,62.422,17.562,79.984,6.5,0.0,6.5,<defunct>;slangd
22.542,idle_static_poll10hz,True,3,62.438,17.562,80.0,6.7,0.0,6.7,<defunct>;slangd
23.042,idle_static_poll10hz,True,3,62.469,17.562,80.031,6.9,0.0,6.9,<defunct>;slangd
23.538,idle_static_poll10hz,True,3,62.438,17.562,80.0,6.7,0.0,6.7,<defunct>;slangd
24.041,idle_static_poll10hz,True,3,62.438,17.562,80.0,7.3,0.0,7.3,<defunct>;slangd
24.537,idle_static_poll10hz,True,3,62.453,17.562,80.016,7.3,0.0,7.3,<defunct>;slangd
25.043,idle_static_poll10hz,True,3,62.391,17.547,79.938,6.6,0.0,6.6,<defunct>;slangd
25.542,idle_static_poll10hz,True,3,62.297,17.547,79.844,6.7,0.0,6.7,<defunct>;slangd
26.041,idle_static_poll10hz,True,3,62.281,17.547,79.828,6.5,0.0,6.5,<defunct>;slangd
26.546,idle_static_poll10hz,True,3,62.109,17.547,79.656,6.4,0.0,6.4,<defunct>;slangd
27.049,idle_static_poll10hz,True,3,62.016,17.547,79.562,6.6,0.0,6.6,<defunct>;slangd
27.544,idle_static_poll10hz,True,3,62.016,17.562,79.578,6.7,0.0,6.7,<defunct>;slangd
28.041,idle_static_poll10hz,True,3,62.031,17.562,79.594,6.5,0.0,6.5,<defunct>;slangd
28.545,idle_static_poll10hz,True,3,62.047,17.562,79.609,6.2,0.0,6.2,<defunct>;slangd
29.059,idle_static_poll10hz,True,3,62.047,17.562,79.609,7.2,0.0,7.2,<defunct>;slangd
29.549,idle_static_poll10hz,True,3,62.016,17.562,79.578,6.8,0.0,6.8,<defunct>;slangd
30.04,idle_static_poll10hz,True,3,62.031,17.562,79.594,6.7,0.0,6.7,<defunct>;slangd
